Отчет о продажах за период,,,,,,,
с 01.12.15 по 31.01.16,,,,,,,
"По всем поставщикам, по фирме: Алекс. Суммы включают НДС.",,,,,,,
,,,,,,,
Код,Наименование,Цена,Кол-во,Сумма,Себестоимость,Эффективность,
,,,,,,Сумма,Процент
Возврат товара,,,,"-382,50 руб.","-291,94 руб.","-90,56 руб.","31,02%"
182574,"Калькулятор""Citizen SR-260NPU"" 12разр.","382,50 руб.","-1,00 шт.","-382,50 руб.","-291,94 руб.","-90,56 руб.","31,02%"
,ZОтчет 16/1238,"382,50 руб.","-1,00 шт.","-382,50 руб.","-291,94 руб.","-90,56 руб.","31,02%"
Розничная продажа,,,,"130 271,26 руб.","78 657,84 руб.","51 613,42 руб.","65,62%"
106053,"Калькулятор""Casio DH-12-BK-S-EH""","740,00 руб.","1,00 шт.","740,00 руб.","461,60 руб.","278,40 руб.","60,31%"
,ZОтчет 2/1286/8598,"740,00 руб.","1,00 шт.","740,00 руб.","461,60 руб.","278,40 руб.","60,31%"
87343,"Калькулятор""Casio GR-12-W-EH"" 12разр.","518,43 руб.","43,00 шт.","22 292,30 руб.","14 179,08 руб.","8 113,22 руб.","57,22%"
,ZОтчет 51#00000000000002896,"514,80 руб.","1,00 шт.","514,80 руб.","325,00 руб.","189,80 руб.","58,4%"
,ZОтчет 19/592,"530,00 руб.","1,00 шт.","530,00 руб.","330,00 руб.","200,00 руб.","60,61%"
,ZОтчет 2/1266/8233,"530,00 руб.","1,00 шт.","530,00 руб.","330,00 руб.","200,00 руб.","60,61%"
,ZОтчет 12/1233,"503,50 руб.","1,00 шт.","503,50 руб.","330,00 руб.","173,50 руб.","52,58%"
,ZОтчет 2/1268/8269,"503,50 руб.","10,00 шт.","5 035,00 руб.","3 300,00 руб.","1 735,00 руб.","52,58%"
,ZОтчет 19/597,"503,50 руб.","1,00 шт.","503,50 руб.","330,00 руб.","173,50 руб.","52,58%"
,ZОтчет 9/2670,"503,50 руб.","1,00 шт.","503,50 руб.","331,36 руб.","172,14 руб.","51,95%"
,ZОтчет 2/1277/8425,"530,00 руб.","1,00 шт.","530,00 руб.","330,00 руб.","200,00 руб.","60,61%"
,ZОтчет 51#00000000000002909,"514,00 руб.","2,00 шт.","1 028,00 руб.","655,00 руб.","373,00 руб.","56,95%"
,ZОтчет 15/1245,"530,00 руб.","1,00 шт.","530,00 руб.","331,36 руб.","198,64 руб.","59,95%"
,ZОтчет 2/1282/8513,"530,00 руб.","1,00 шт.","530,00 руб.","330,00 руб.","200,00 руб.","60,61%"
,ZОтчет 3/1242/8539,"530,00 руб.","1,00 шт.","530,00 руб.","330,00 руб.","200,00 руб.","60,61%"
,ZОтчет 15/1251,"530,00 руб.","2,00 шт.","1 060,00 руб.","660,00 руб.","400,00 руб.","60,61%"
,ZОтчет 19/613,"450,50 руб.","1,00 шт.","450,50 руб.","330,00 руб.","120,50 руб.","36,52%"
,ZОтчет 16/1251,"503,50 руб.","1,00 шт.","503,50 руб.","325,00 руб.","178,50 руб.","54,92%"
,ZОтчет 8/1258/3029,"530,00 руб.","1,00 шт.","530,00 руб.","331,36 руб.","198,64 руб.","59,95%"
,ZОтчет 5/1263/8638,"530,00 руб.","1,00 шт.","530,00 руб.","330,00 руб.","200,00 руб.","60,61%"
,ZОтчет 15/1256,"530,00 руб.","3,00 шт.","1 590,00 руб.","990,00 руб.","600,00 руб.","60,61%"
,ZОтчет 2/1294/8746,"530,00 руб.","2,00 шт.","1 060,00 руб.","660,00 руб.","400,00 руб.","60,61%"
,ZОтчет 15/1262,"530,00 руб.","1,00 шт.","530,00 руб.","330,00 руб.","200,00 руб.","60,61%"
,ZОтчет 2/1305/8921,"530,00 руб.","1,00 шт.","530,00 руб.","330,00 руб.","200,00 руб.","60,61%"
,ZОтчет 5/1278/8978,"530,00 руб.","1,00 шт.","530,00 руб.","330,00 руб.","200,00 руб.","60,61%"
,ZОтчет 12/1277,"530,00 руб.","1,00 шт.","530,00 руб.","330,00 руб.","200,00 руб.","60,61%"
,ZОтчет 2/1309/8999,"530,00 руб.","1,00 шт.","530,00 руб.","330,00 руб.","200,00 руб.","60,61%"
,ZОтчет 2/1316/9124,"530,00 руб.","2,00 шт.","1 060,00 руб.","660,00 руб.","400,00 руб.","60,61%"
,ZОтчет 2/1317/9137,"530,00 руб.","1,00 шт.","530,00 руб.","330,00 руб.","200,00 руб.","60,61%"
,ZОтчет 2/1323/9246,"530,00 руб.","1,00 шт.","530,00 руб.","330,00 руб.","200,00 руб.","60,61%"
,ZОтчет 4/1304/9279,"530,00 руб.","1,00 шт.","530,00 руб.","330,00 руб.","200,00 руб.","60,61%"
87344,"Калькулятор""Casio GR-14-W-EH""","636,90 руб.","10,00 шт.","6 369,00 руб.","3 897,35 руб.","2 471,65 руб.","63,42%"
,ZОтчет 2/1267/8252,"660,00 руб.","1,00 шт.","660,00 руб.","389,00 руб.","271,00 руб.","69,67%"
,ZОтчет 2/1268/8269,"627,00 руб.","5,00 шт.","3 135,00 руб.","1 958,78 руб.","1 176,22 руб.","60,05%"
,ZОтчет 15/1246,"660,00 руб.","1,00 шт.","660,00 руб.","380,57 руб.","279,43 руб.","73,42%"
,ZОтчет 8/1273/3061,"660,00 руб.","1,00 шт.","660,00 руб.","389,00 руб.","271,00 руб.","69,67%"
,ZОтчет 2/1312/9049,"627,00 руб.","2,00 шт.","1 254,00 руб.","780,00 руб.","474,00 руб.","60,77%"
87345,"Калькулятор""Casio GR-16-W-EH""","710,00 руб.","1,00 шт.","710,00 руб.","453,00 руб.","257,00 руб.","56,73%"
,ZОтчет 2/1324/9270,"710,00 руб.","1,00 шт.","710,00 руб.","453,00 руб.","257,00 руб.","56,73%"
62526,"Калькулятор""Citizen CPC-1012GL""","330,00 руб.","1,00 шт.","330,00 руб.","201,61 руб.","128,39 руб.","63,68%"
,ZОтчет 5/1290/9187,"330,00 руб.","1,00 шт.","330,00 руб.","201,61 руб.","128,39 руб.","63,68%"
3938,"Калькулятор""Citizen CPC-110RDWB"" 10разр. дв.пит.","250,00 руб.","2,00 шт.","500,00 руб.","240,00 руб.","260,00 руб.","108,33%"
,ZОтчет 9/2692,"250,00 руб.","1,00 шт.","250,00 руб.","120,00 руб.","130,00 руб.","108,33%"
,ZОтчет 15/1274,"250,00 руб.","1,00 шт.","250,00 руб.","120,00 руб.","130,00 руб.","108,33%"
77395,"Калькулятор""Citizen CPC-112RDWB"" 12разр. дв.пит.","300,00 руб.","4,00 шт.","1 200,00 руб.","818,70 руб.","381,30 руб.","46,57%"
,ZОтчет 14/1248,"300,00 руб.","1,00 шт.","300,00 руб.","259,35 руб.","40,65 руб.","15,67%"
,ZОтчет 9/2701,"300,00 руб.","1,00 шт.","300,00 руб.","150,00 руб.","150,00 руб.",100%
,ZОтчет 15/1276,"300,00 руб.","1,00 шт.","300,00 руб.","150,00 руб.","150,00 руб.",100%
,ZОтчет 5/1291/9219,"300,00 руб.","1,00 шт.","300,00 руб.","259,35 руб.","40,65 руб.","15,67%"
159951,"Калькулятор""Citizen CT-600J"" 12разр.","930,00 руб.","1,00 шт.","930,00 руб.","434,00 руб.","496,00 руб.","114,29%"
,ZОтчет 12/1250,"930,00 руб.","1,00 шт.","930,00 руб.","434,00 руб.","496,00 руб.","114,29%"
22415,"Калькулятор""Citizen LC-110N"" 8разр.","122,28 руб.","17,00 шт.","2 078,78 руб.","1 227,88 руб.","850,90 руб.","69,3%"
,ZОтчет 5/1242/8249,"125,00 руб.","1,00 шт.","125,00 руб.","70,56 руб.","54,44 руб.","77,15%"
,ZОтчет 5/1244/8296,"125,00 руб.","1,00 шт.","125,00 руб.","70,56 руб.","54,44 руб.","77,15%"
,ZОтчет 15/1236,"125,00 руб.","1,00 шт.","125,00 руб.","74,77 руб.","50,23 руб.","67,18%"
,ZОтчет 9/2679,"118,75 руб.","1,00 шт.","118,75 руб.","77,84 руб.","40,91 руб.","52,56%"
,ZОтчет 20/1284,"106,30 руб.","1,00 шт.","106,30 руб.","74,77 руб.","31,53 руб.","42,17%"
,ZОтчет 8/1255/3025,"125,00 руб.","1,00 шт.","125,00 руб.","77,84 руб.","47,16 руб.","60,59%"
,ZОтчет 4/1266/8618,"125,00 руб.","1,00 шт.","125,00 руб.","77,84 руб.","47,16 руб.","60,59%"
,ZОтчет 2/1289/8654,"125,00 руб.","1,00 шт.","125,00 руб.","70,56 руб.","54,44 руб.","77,15%"
,ZОтчет 51#00000000000002928,"109,98 руб.","1,00 шт.","109,98 руб.","66,40 руб.","43,58 руб.","65,63%"
,ZОтчет 8/1275/3064,"125,00 руб.","1,00 шт.","125,00 руб.","77,84 руб.","47,16 руб.","60,59%"
,ZОтчет 5/1278/8978,"125,00 руб.","1,00 шт.","125,00 руб.","74,77 руб.","50,23 руб.","67,18%"
,ZОтчет 15/1274,"125,00 руб.","1,00 шт.","125,00 руб.","74,77 руб.","50,23 руб.","67,18%"
,ZОтчет 16/1274,"125,00 руб.","1,00 шт.","125,00 руб.","66,40 руб.","58,60 руб.","88,25%"
,ZОтчет 3/1265/9040,"125,00 руб.","1,00 шт.","125,00 руб.","70,56 руб.","54,44 руб.","77,15%"
,ZОтчет 9/2716,"118,75 руб.","1,00 шт.","118,75 руб.","77,84 руб.","40,91 руб.","52,56%"
,ZОтчет 5/1290/9187,"125,00 руб.","1,00 шт.","125,00 руб.","46,08 руб.","78,92 руб.","171,27%"
,ZОтчет 18/1008,"125,00 руб.","1,00 шт.","125,00 руб.","78,48 руб.","46,52 руб.","59,28%"
33752,"Калькулятор""Citizen LC-210N""","125,31 руб.","18,00 шт.","2 255,50 руб.","1 408,40 руб.","847,10 руб.","60,15%"
,ZОтчет 3/1224/8216,"130,00 руб.","1,00 шт.","130,00 руб.","79,89 руб.","50,11 руб.","62,72%"
,ZОтчет 15/1231,"130,00 руб.","1,00 шт.","130,00 руб.","76,86 руб.","53,14 руб.","69,14%"
,ZОтчет 2/1267/8252,"130,00 руб.","1,00 шт.","130,00 руб.","76,86 руб.","53,14 руб.","69,14%"
,ZОтчет 9/2667,"130,00 руб.","1,00 шт.","130,00 руб.","79,89 руб.","50,11 руб.","62,72%"
,ZОтчет 9/2671,"130,00 руб.","1,00 шт.","130,00 руб.","79,89 руб.","50,11 руб.","62,72%"
,ZОтчет 18/970,"123,50 руб.","1,00 шт.","123,50 руб.","68,18 руб.","55,32 руб.","81,14%"
,ZОтчет 19/609,"97,50 руб.","1,00 шт.","97,50 руб.","79,89 руб.","17,61 руб.","22,04%"
,ZОтчет 13/1247,"130,00 руб.","1,00 шт.","130,00 руб.","76,86 руб.","53,14 руб.","69,14%"
,ZОтчет 18/977,"130,00 руб.","1,00 шт.","130,00 руб.","80,55 руб.","49,45 руб.","61,39%"
,ZОтчет 13/1265,"130,00 руб.","1,00 шт.","130,00 руб.","76,86 руб.","53,14 руб.","69,14%"
,ZОтчет 19/631,"130,00 руб.","1,00 шт.","130,00 руб.","79,89 руб.","50,11 руб.","62,72%"
,ZОтчет 2/1309/8999,"123,50 руб.","1,00 шт.","123,50 руб.","76,86 руб.","46,64 руб.","60,68%"
,ZОтчет 15/1275,"130,00 руб.","1,00 шт.","130,00 руб.","76,86 руб.","53,14 руб.","69,14%"
,ZОтчет 16/1274,"110,50 руб.","1,00 шт.","110,50 руб.","80,55 руб.","29,95 руб.","37,18%"
,ZОтчет 4/1292/9069,"130,00 руб.","1,00 шт.","130,00 руб.","76,86 руб.","53,14 руб.","69,14%"
,ZОтчет 13/1279,"130,00 руб.","1,00 шт.","130,00 руб.","80,55 руб.","49,45 руб.","61,39%"
,ZОтчет 16/1281,"110,50 руб.","1,00 шт.","110,50 руб.","80,55 руб.","29,95 руб.","37,18%"
,ZОтчет 2/1324/9270,"130,00 руб.","1,00 шт.","130,00 руб.","80,55 руб.","49,45 руб.","61,39%"
167683,"Калькулятор""Citizen SDC-011S"" 8разр.,дв.пит.","244,17 руб.","15,00 шт.","3 662,50 руб.","2 200,70 руб.","1 461,80 руб.","66,42%"
,ZОтчет 19/593,"250,00 руб.","1,00 шт.","250,00 руб.","146,48 руб.","103,52 руб.","70,67%"
,ZОтчет 12/1235,"250,00 руб.","1,00 шт.","250,00 руб.","146,48 руб.","103,52 руб.","70,67%"
,ZОтчет 9/2667,"250,00 руб.","1,00 шт.","250,00 руб.","155,59 руб.","94,41 руб.","60,68%"
,ZОтчет 16/1238,"250,00 руб.","1,00 шт.","250,00 руб.","155,59 руб.","94,41 руб.","60,68%"
,ZОтчет 2/1276/8418,"237,50 руб.","1,00 шт.","237,50 руб.","146,48 руб.","91,02 руб.","62,14%"
,ZОтчет 5/1263/8638,"250,00 руб.","1,00 шт.","250,00 руб.","146,48 руб.","103,52 руб.","70,67%"
,ZОтчет 5/1265/8684,"250,00 руб.","1,00 шт.","250,00 руб.","146,48 руб.","103,52 руб.","70,67%"
,ZОтчет 9/2688,"250,00 руб.","1,00 шт.","250,00 руб.","146,48 руб.","103,52 руб.","70,67%"
,ZОтчет 2/1292/8709,"237,50 руб.","1,00 шт.","237,50 руб.","132,80 руб.","104,70 руб.","78,84%"
,ZОтчет 8/1268/3048,"237,50 руб.","1,00 шт.","237,50 руб.","155,59 руб.","81,91 руб.","52,64%"
,ZОтчет 16/1266,"212,50 руб.","1,00 шт.","212,50 руб.","156,87 руб.","55,63 руб.","35,46%"
,ZОтчет 5/1274/8908,"237,50 руб.","1,00 шт.","237,50 руб.","156,87 руб.","80,63 руб.","51,4%"
,ZОтчет 2/1314/9085,"250,00 руб.","1,00 шт.","250,00 руб.","156,87 руб.","93,13 руб.","59,37%"
,ZОтчет 8/1290/3095,"250,00 руб.","1,00 шт.","250,00 руб.","155,59 руб.","94,41 руб.","60,68%"
,ZОтчет 11/1348,"250,00 руб.","1,00 шт.","250,00 руб.","96,05 руб.","153,95 руб.","160,28%"
179022,"Калькулятор""Citizen SDC-022S"" 10разр.,дв.пит.","265,00 руб.","11,00 шт.","2 915,00 руб.","1 737,78 руб.","1 177,22 руб.","67,74%"
,ZОтчет 20/1267,"265,00 руб.","1,00 шт.","265,00 руб.","149,94 руб.","115,06 руб.","76,74%"
,ZОтчет 15/1234,"265,00 руб.","2,00 шт.","530,00 руб.","320,94 руб.","209,06 руб.","65,14%"
,ZОтчет 12/1240,"265,00 руб.","1,00 шт.","265,00 руб.","155,59 руб.","109,41 руб.","70,32%"
,ZОтчет 18/966,"265,00 руб.","1,00 шт.","265,00 руб.","155,59 руб.","109,41 руб.","70,32%"
,ZОтчет 2/1278/8441,"265,00 руб.","1,00 шт.","265,00 руб.","155,59 руб.","109,41 руб.","70,32%"
,ZОтчет 15/1254,"265,00 руб.","1,00 шт.","265,00 руб.","155,59 руб.","109,41 руб.","70,32%"
,ZОтчет 5/1264/8657,"265,00 руб.","1,00 шт.","265,00 руб.","155,59 руб.","109,41 руб.","70,32%"
,ZОтчет 2/1307/8960,"265,00 руб.","1,00 шт.","265,00 руб.","155,59 руб.","109,41 руб.","70,32%"
,ZОтчет 15/1276,"265,00 руб.","1,00 шт.","265,00 руб.","166,68 руб.","98,32 руб.","58,99%"
,ZОтчет 18/1002,"265,00 руб.","1,00 шт.","265,00 руб.","166,68 руб.","98,32 руб.","58,99%"
179023,"Калькулятор""Citizen SDC-444S"" 12разр. дв.пит.","652,41 руб.","14,00 шт.","9 133,74 руб.","5 075,88 руб.","4 057,86 руб.","79,94%"
,ZОтчет 2/1272/8339,"680,00 руб.","1,00 шт.","680,00 руб.","366,39 руб.","313,61 руб.","85,59%"
,ZОтчет 12/1241,"680,00 руб.","1,00 шт.","680,00 руб.","350,76 руб.","329,24 руб.","93,86%"
,ZОтчет 3/1234/8395,"680,00 руб.","1,00 шт.","680,00 руб.","366,39 руб.","313,61 руб.","85,59%"
,ZОтчет 5/1251/8415,"680,00 руб.","1,00 шт.","680,00 руб.","366,39 руб.","313,61 руб.","85,59%"
,ZОтчет 17/1131,"680,00 руб.","1,00 шт.","680,00 руб.","354,00 руб.","326,00 руб.","92,09%"
,ZОтчет 8/1260/3032,"646,00 руб.","1,00 шт.","646,00 руб.","360,00 руб.","286,00 руб.","79,44%"
,ZОтчет 18/981,"646,00 руб.","1,00 шт.","646,00 руб.","360,00 руб.","286,00 руб.","79,44%"
,ZОтчет 10/955,"680,00 руб.","1,00 шт.","680,00 руб.","360,00 руб.","320,00 руб.","88,89%"
,ZОтчет 18/983,"680,00 руб.","1,00 шт.","680,00 руб.","360,00 руб.","320,00 руб.","88,89%"
,ZОтчет 51#00000000000002924,"572,00 руб.","1,00 шт.","572,00 руб.","366,39 руб.","205,61 руб.","56,12%"
,ZОтчет 5/1277/8964,"578,00 руб.","1,00 шт.","578,00 руб.","366,39 руб.","211,61 руб.","57,76%"
,ZОтчет 51#00000000000002933,"571,74 руб.","1,00 шт.","571,74 руб.","366,39 руб.","205,35 руб.","56,05%"
,ZОтчет 9/2716,"680,00 руб.","1,00 шт.","680,00 руб.","366,39 руб.","313,61 руб.","85,59%"
,ZОтчет 5/1292/9235,"680,00 руб.","1,00 шт.","680,00 руб.","366,39 руб.","313,61 руб.","85,59%"
179024,"Калькулятор""Citizen SDC-554S"" 14разр.,дв.пит.","710,00 руб.","9,00 шт.","6 390,00 руб.","3 844,87 руб.","2 545,13 руб.","66,2%"
,ZОтчет 19/592,"710,00 руб.","1,00 шт.","710,00 руб.","442,35 руб.","267,65 руб.","60,51%"
,ZОтчет 5/1251/8415,"710,00 руб.","1,00 шт.","710,00 руб.","442,35 руб.","267,65 руб.","60,51%"
,ZОтчет 12/1245,"710,00 руб.","1,00 шт.","710,00 руб.","358,09 руб.","351,91 руб.","98,27%"
,ZОтчет 2/1286/8598,"710,00 руб.","1,00 шт.","710,00 руб.","442,35 руб.","267,65 руб.","60,51%"
,ZОтчет 10/964,"710,00 руб.","1,00 шт.","710,00 руб.","442,35 руб.","267,65 руб.","60,51%"
,ZОтчет 5/1285/9101,"710,00 руб.","1,00 шт.","710,00 руб.","442,35 руб.","267,65 руб.","60,51%"
,ZОтчет 15/1288,"710,00 руб.","1,00 шт.","710,00 руб.","442,35 руб.","267,65 руб.","60,51%"
,ZОтчет 2/1323/9246,"710,00 руб.","2,00 шт.","1 420,00 руб.","832,68 руб.","587,32 руб.","70,53%"
85314,"Калькулятор""Citizen SDC-620 II"" 12разр.","624,75 руб.","6,00 шт.","3 748,50 руб.","2 225,33 руб.","1 523,17 руб.","68,45%"
,ZОтчет 5/1240/8243,"630,00 руб.","1,00 шт.","630,00 руб.","364,62 руб.","265,38 руб.","72,78%"
,ZОтчет 2/1265/8212,"630,00 руб.","1,00 шт.","630,00 руб.","389,16 руб.","240,84 руб.","61,89%"
,ZОтчет 3/1234/8395,"630,00 руб.","1,00 шт.","630,00 руб.","389,16 руб.","240,84 руб.","61,89%"
,ZОтчет 11/1303,"598,50 руб.","1,00 шт.","598,50 руб.","343,90 руб.","254,60 руб.","74,03%"
,ZОтчет 10/948,"630,00 руб.","1,00 шт.","630,00 руб.","349,33 руб.","280,67 руб.","80,35%"
,ZОтчет 2/1290/8675,"630,00 руб.","1,00 шт.","630,00 руб.","389,16 руб.","240,84 руб.","61,89%"
19834,"Калькулятор""Citizen SDC-664S"" 16разр.","686,54 руб.","13,00 шт.","8 925,00 руб.","5 164,95 руб.","3 760,05 руб.","72,8%"
,ZОтчет 19/592,"700,00 руб.","1,00 шт.","700,00 руб.","383,77 руб.","316,23 руб.","82,4%"
,ZОтчет 2/1268/8269,"700,00 руб.","1,00 шт.","700,00 руб.","383,77 руб.","316,23 руб.","82,4%"
,ZОтчет 15/1246,"700,00 руб.","1,00 шт.","700,00 руб.","383,77 руб.","316,23 руб.","82,4%"
,ZОтчет 11/1304,"700,00 руб.","1,00 шт.","700,00 руб.","373,67 руб.","326,33 руб.","87,33%"
,ZОтчет 15/1248,"700,00 руб.","1,00 шт.","700,00 руб.","439,02 руб.","260,98 руб.","59,45%"
,ZОтчет 9/2684,"665,00 руб.","1,00 шт.","665,00 руб.","372,32 руб.","292,68 руб.","78,61%"
,ZОтчет 16/1256,"665,00 руб.","1,00 шт.","665,00 руб.","372,32 руб.","292,68 руб.","78,61%"
,ZОтчет 2/1307/8960,"700,00 руб.","1,00 шт.","700,00 руб.","439,02 руб.","260,98 руб.","59,45%"
,ZОтчет 10/962,"700,00 руб.","1,00 шт.","700,00 руб.","383,77 руб.","316,23 руб.","82,4%"
,ZОтчет 10/963,"700,00 руб.","1,00 шт.","700,00 руб.","383,77 руб.","316,23 руб.","82,4%"
,ZОтчет 5/1285/9101,"595,00 руб.","1,00 шт.","595,00 руб.","383,77 руб.","211,23 руб.","55,04%"
,ZОтчет 10/971,"700,00 руб.","1,00 шт.","700,00 руб.","426,96 руб.","273,04 руб.","63,95%"
,ZОтчет 12/1291,"700,00 руб.","1,00 шт.","700,00 руб.","439,02 руб.","260,98 руб.","59,45%"
84545,"Калькулятор""Citizen SDC-805BN"" 8разр.","299,67 руб.","6,00 шт.","1 798,00 руб.","1 112,69 руб.","685,31 руб.","61,59%"
,ZОтчет 8/1240/2995,"310,00 руб.","1,00 шт.","310,00 руб.","178,92 руб.","131,08 руб.","73,26%"
,ZОтчет 2/1271/8320,"310,00 руб.","1,00 шт.","310,00 руб.","185,72 руб.","124,28 руб.","66,92%"
,ZОтчет 2/1304/8909,"310,00 руб.","1,00 шт.","310,00 руб.","185,72 руб.","124,28 руб.","66,92%"
,ZОтчет 16/1269,"263,50 руб.","1,00 шт.","263,50 руб.","190,89 руб.","72,61 руб.","38,04%"
,ZОтчет 15/1279,"294,50 руб.","1,00 шт.","294,50 руб.","185,72 руб.","108,78 руб.","58,57%"
,ZОтчет 15/1284,"310,00 руб.","1,00 шт.","310,00 руб.","185,72 руб.","124,28 руб.","66,92%"
85059,"Калькулятор""Citizen SDC-810BN"" 10разр.","322,95 руб.","20,00 шт.","6 459,00 руб.","3 981,60 руб.","2 477,40 руб.","62,22%"
,ZОтчет 12/1234,"330,00 руб.","1,00 шт.","330,00 руб.","185,85 руб.","144,15 руб.","77,56%"
,ZОтчет 15/1243,"330,00 руб.","1,00 шт.","330,00 руб.","204,97 руб.","125,03 руб.",61%
,ZОтчет 51#00000000000002909,"288,00 руб.","1,00 шт.","288,00 руб.","185,85 руб.","102,15 руб.","54,96%"
,ZОтчет 12/1246,"330,00 руб.","1,00 шт.","330,00 руб.","197,03 руб.","132,97 руб.","67,49%"
,ZОтчет 3/1239/8481,"330,00 руб.","1,00 шт.","330,00 руб.","197,03 руб.","132,97 руб.","67,49%"
,ZОтчет 2/1285/8569,"330,00 руб.","2,00 шт.","660,00 руб.","394,06 руб.","265,94 руб.","67,49%"
,ZОтчет 16/1254,"280,50 руб.","1,00 шт.","280,50 руб.","185,85 руб.","94,65 руб.","50,93%"
,ZОтчет 10/955,"330,00 руб.","1,00 шт.","330,00 руб.","185,85 руб.","144,15 руб.","77,56%"
,ZОтчет 19/621,"330,00 руб.","1,00 шт.","330,00 руб.","204,97 руб.","125,03 руб.",61%
,ZОтчет 15/1271,"330,00 руб.","1,00 шт.","330,00 руб.","204,97 руб.","125,03 руб.",61%
,ZОтчет 2/1306/8938,"330,00 руб.","2,00 шт.","660,00 руб.","403,58 руб.","256,42 руб.","63,54%"
,ZОтчет 11/1331,"330,00 руб.","1,00 шт.","330,00 руб.","204,97 руб.","125,03 руб.",61%
,ZОтчет 4/1294/9106,"330,00 руб.","1,00 шт.","330,00 руб.","204,97 руб.","125,03 руб.",61%
,ZОтчет 5/1286/9131,"330,00 руб.","1,00 шт.","330,00 руб.","204,97 руб.","125,03 руб.",61%
,ZОтчет 15/1286,"330,00 руб.","1,00 шт.","330,00 руб.","197,03 руб.","132,97 руб.","67,49%"
,ZОтчет 2/1322/9225,"313,50 руб.","1,00 шт.","313,50 руб.","206,55 руб.","106,95 руб.","51,78%"
,ZОтчет 2/1325/9280,"313,50 руб.","2,00 шт.","627,00 руб.","413,10 руб.","213,90 руб.","51,78%"
85061,"Калькулятор""Citizen SDC-812BN"" 12разр.","373,67 руб.","15,00 шт.","5 605,00 руб.","3 351,96 руб.","2 253,04 руб.","67,22%"
,ZОтчет 2/1272/8339,"380,00 руб.","1,00 шт.","380,00 руб.","224,39 руб.","155,61 руб.","69,35%"
,ZОтчет 19/600,"361,00 руб.","1,00 шт.","361,00 руб.","221,06 руб.","139,94 руб.","63,3%"
,ZОтчет 15/1240,"380,00 руб.","1,00 шт.","380,00 руб.","224,39 руб.","155,61 руб.","69,35%"
,ZОтчет 5/1255/8479,"380,00 руб.","1,00 шт.","380,00 руб.","199,20 руб.","180,80 руб.","90,76%"
,ZОтчет 19/607,"380,00 руб.","1,00 шт.","380,00 руб.","199,20 руб.","180,80 руб.","90,76%"
,ZОтчет 3/1242/8539,"380,00 руб.","1,00 шт.","380,00 руб.","224,39 руб.","155,61 руб.","69,35%"
,ZОтчет 15/1251,"380,00 руб.","1,00 шт.","380,00 руб.","224,39 руб.","155,61 руб.","69,35%"
,ZОтчет 2/1292/8709,"361,00 руб.","1,00 шт.","361,00 руб.","224,39 руб.","136,61 руб.","60,88%"
,ZОтчет 15/1273,"380,00 руб.","1,00 шт.","380,00 руб.","224,39 руб.","155,61 руб.","69,35%"
,ZОтчет 2/1312/9049,"380,00 руб.","2,00 шт.","760,00 руб.","470,52 руб.","289,48 руб.","61,52%"
,ZОтчет 12/1280,"380,00 руб.","2,00 шт.","760,00 руб.","448,78 руб.","311,22 руб.","69,35%"
,ZОтчет 10/964,"380,00 руб.","1,00 шт.","380,00 руб.","233,43 руб.","146,57 руб.","62,79%"
,ZОтчет 11/1343,"323,00 руб.","1,00 шт.","323,00 руб.","233,43 руб.","89,57 руб.","38,37%"
22416,"Калькулятор""Citizen SDC-888Tll""","750,00 руб.","1,00 шт.","750,00 руб.","306,16 руб.","443,84 руб.","144,97%"
,ZОтчет 18/977,"750,00 руб.","1,00 шт.","750,00 руб.","306,16 руб.","443,84 руб.","144,97%"
85338,"Калькулятор""Citizen SDC-888XBK"" 12разр.бухгалтерский","803,01 руб.","11,00 шт.","8 833,14 руб.","5 005,28 руб.","3 827,86 руб.","76,48%"
,ZОтчет 19/592,"850,00 руб.","1,00 шт.","850,00 руб.","484,50 руб.","365,50 руб.","75,44%"
,ZОтчет 9/2672,"850,00 руб.","1,00 шт.","850,00 руб.","484,50 руб.","365,50 руб.","75,44%"
,ZОтчет 12/1246,"850,00 руб.","1,00 шт.","850,00 руб.","403,07 руб.","446,93 руб.","110,88%"
,ZОтчет 3/1244/8591,"722,50 руб.","1,00 шт.","722,50 руб.","245,00 руб.","477,50 руб.","194,9%"
,ZОтчет 19/616,"850,00 руб.","1,00 шт.","850,00 руб.","531,57 руб.","318,43 руб.","59,9%"
,ZОтчет 2/1293/8725,"637,50 руб.","1,00 шт.","637,50 руб.","479,00 руб.","158,50 руб.","33,09%"
,ZОтчет 15/1274,"850,00 руб.","1,00 шт.","850,00 руб.","485,00 руб.","365,00 руб.","75,26%"
,ZОтчет 51#00000000000002935,"673,14 руб.","1,00 шт.","673,14 руб.","479,00 руб.","194,14 руб.","40,53%"
,ZОтчет 2/1315/9102,"850,00 руб.","1,00 шт.","850,00 руб.","479,00 руб.","371,00 руб.","77,45%"
,ZОтчет 19/648,"850,00 руб.","1,00 шт.","850,00 руб.","531,57 руб.","318,43 руб.","59,9%"
,ZОтчет 11/1345,"850,00 руб.","1,00 шт.","850,00 руб.","403,07 руб.","446,93 руб.","110,88%"
186504,"Калькулятор""Citizen SDC-888XRD"" 12разр.бухгалтерский","960,40 руб.","5,00 шт.","4 802,00 руб.","2 666,30 руб.","2 135,70 руб.","80,1%"
,ZОтчет 3/1242/8539,"980,00 руб.","1,00 шт.","980,00 руб.","542,45 руб.","437,55 руб.","80,66%"
,ZОтчет 3/1249/8677,"931,00 руб.","1,00 шт.","931,00 руб.","542,45 руб.","388,55 руб.","71,63%"
,ZОтчет 2/1303/8890,"980,00 руб.","1,00 шт.","980,00 руб.","542,45 руб.","437,55 руб.","80,66%"
,ZОтчет 15/1272,"980,00 руб.","1,00 шт.","980,00 руб.","542,45 руб.","437,55 руб.","80,66%"
,ZОтчет 6/2697,"931,00 руб.","1,00 шт.","931,00 руб.","496,50 руб.","434,50 руб.","87,51%"
186503,"Калькулятор""Citizen SDC-888XWH"" 12разр.бухгалтерский","931,00 руб.","3,00 шт.","2 793,00 руб.","1 617,91 руб.","1 175,09 руб.","72,63%"
,ZОтчет 15/1245,"980,00 руб.","1,00 шт.","980,00 руб.","542,45 руб.","437,55 руб.","80,66%"
,ZОтчет 3/1244/8591,"833,00 руб.","1,00 шт.","833,00 руб.","537,73 руб.","295,27 руб.","54,91%"
,ZОтчет 2/1303/8890,"980,00 руб.","1,00 шт.","980,00 руб.","537,73 руб.","442,27 руб.","82,25%"
22417,"Калькулятор""Citizen SLD-100 N"" 8разр.","126,56 руб.","17,00 шт.","2 151,50 руб.","1 375,71 руб.","775,79 руб.","56,39%"
,ZОтчет 2/1265/8212,"130,00 руб.","1,00 шт.","130,00 руб.","81,93 руб.","48,07 руб.","58,67%"
,ZОтчет 15/1244,"130,00 руб.","1,00 шт.","130,00 руб.","81,93 руб.","48,07 руб.","58,67%"
,ZОтчет 16/1247,"130,00 руб.","1,00 шт.","130,00 руб.","81,93 руб.","48,07 руб.","58,67%"
,ZОтчет 8/1260/3032,"130,00 руб.","1,00 шт.","130,00 руб.","78,85 руб.","51,15 руб.","64,87%"
,ZОтчет 8/1261/3035,"110,50 руб.","1,00 шт.","110,50 руб.","78,85 руб.","31,65 руб.","40,14%"
,ZОтчет 18/981,"130,00 руб.","1,00 шт.","130,00 руб.","81,93 руб.","48,07 руб.","58,67%"
,ZОтчет 16/1266,"110,50 руб.","1,00 шт.","110,50 руб.","81,93 руб.","28,57 руб.","34,87%"
,ZОтчет 12/1273,"130,00 руб.","1,00 шт.","130,00 руб.","81,93 руб.","48,07 руб.","58,67%"
,ZОтчет 3/1260/8943,"130,00 руб.","1,00 шт.","130,00 руб.","78,85 руб.","51,15 руб.","64,87%"
,ZОтчет 18/997,"130,00 руб.","1,00 шт.","130,00 руб.","78,85 руб.","51,15 руб.","64,87%"
,ZОтчет 13/1272,"110,50 руб.","1,00 шт.","110,50 руб.","81,93 руб.","28,57 руб.","34,87%"
,ZОтчет 20/1312,"130,00 руб.","1,00 шт.","130,00 руб.","78,85 руб.","51,15 руб.","64,87%"
,ZОтчет 20/1313,"130,00 руб.","1,00 шт.","130,00 руб.","78,85 руб.","51,15 руб.","64,87%"
,ZОтчет 12/1286,"130,00 руб.","1,00 шт.","130,00 руб.","81,93 руб.","48,07 руб.","58,67%"
,ZОтчет 15/1284,"130,00 руб.","1,00 шт.","130,00 руб.","82,62 руб.","47,38 руб.","57,35%"
,ZОтчет 6/2700,"130,00 руб.","1,00 шт.","130,00 руб.","81,93 руб.","48,07 руб.","58,67%"
,ZОтчет 12/1291,"130,00 руб.","1,00 шт.","130,00 руб.","82,62 руб.","47,38 руб.","57,35%"
22418,"Калькулятор""Citizen SLD-200 N"" 8разр.","127,36 руб.","30,00 шт.","3 820,80 руб.","2 435,78 руб.","1 385,02 руб.","56,86%"
,ZОтчет 5/1240/8243,"130,00 руб.","1,00 шт.","130,00 руб.","79,52 руб.","50,48 руб.","63,48%"
,ZОтчет 15/1231,"130,00 руб.","1,00 шт.","130,00 руб.","79,52 руб.","50,48 руб.","63,48%"
,ZОтчет 2/1270/8303,"123,50 руб.","1,00 шт.","123,50 руб.","79,52 руб.","43,98 руб.","55,31%"
,ZОтчет 5/1248/8361,"123,50 руб.","1,00 шт.","123,50 руб.","79,52 руб.","43,98 руб.","55,31%"
,ZОтчет 15/1241,"123,50 руб.","1,00 шт.","123,50 руб.","79,52 руб.","43,98 руб.","55,31%"
,ZОтчет 19/606,"130,00 руб.","1,00 шт.","130,00 руб.","82,68 руб.","47,32 руб.","57,23%"
,ZОтчет 20/1281,"110,50 руб.","1,00 шт.","110,50 руб.","82,68 руб.","27,82 руб.","33,65%"
,ZОтчет 8/1253/3021,"110,50 руб.","1,00 шт.","110,50 руб.","82,68 руб.","27,82 руб.","33,65%"
,ZОтчет 3/1243/8562,"110,50 руб.","1,00 шт.","110,50 руб.","79,52 руб.","30,98 руб.","38,96%"
,ZОтчет 5/1259/8582,"130,00 руб.","1,00 шт.","130,00 руб.","79,52 руб.","50,48 руб.","63,48%"
,ZОтчет 15/1250,"130,00 руб.","1,00 шт.","130,00 руб.","79,52 руб.","50,48 руб.","63,48%"
,ZОтчет 19/613,"110,50 руб.","1,00 шт.","110,50 руб.","79,52 руб.","30,98 руб.","38,96%"
,ZОтчет 51#00000000000002917,"160,00 руб.","1,00 шт.","160,00 руб.","79,52 руб.","80,48 руб.","101,21%"
,ZОтчет 12/1258,"130,00 руб.","1,00 шт.","130,00 руб.","82,68 руб.","47,32 руб.","57,23%"
,ZОтчет 16/1255,"130,00 руб.","1,00 шт.","130,00 руб.","82,68 руб.","47,32 руб.","57,23%"
,ZОтчет 10/955,"130,00 руб.","1,00 шт.","130,00 руб.","79,52 руб.","50,48 руб.","63,48%"
,ZОтчет 11/1316,"130,00 руб.","1,00 шт.","130,00 руб.","79,52 руб.","50,48 руб.","63,48%"
,ZОтчет 15/1260,"130,00 руб.","1,00 шт.","130,00 руб.","83,34 руб.","46,66 руб.","55,99%"
,ZОтчет 16/1265,"130,00 руб.","1,00 шт.","130,00 руб.","83,34 руб.","46,66 руб.","55,99%"
,ZОтчет 2/1304/8909,"130,00 руб.","2,00 шт.","260,00 руб.","166,68 руб.","93,32 руб.","55,99%"
,ZОтчет 51#00000000000002928,"124,80 руб.","1,00 шт.","124,80 руб.","79,52 руб.","45,28 руб.","56,94%"
,ZОтчет 3/1259/8931,"130,00 руб.","1,00 шт.","130,00 руб.","83,34 руб.","46,66 руб.","55,99%"
,ZОтчет 10/959,"130,00 руб.","1,00 шт.","130,00 руб.","79,52 руб.","50,48 руб.","63,48%"
,ZОтчет 5/1278/8978,"130,00 руб.","1,00 шт.","130,00 руб.","79,52 руб.","50,48 руб.","63,48%"
,ZОтчет 15/1274,"130,00 руб.","1,00 шт.","130,00 руб.","83,34 руб.","46,66 руб.","55,99%"
,ZОтчет 5/1284/9086,"123,50 руб.","1,00 шт.","123,50 руб.","83,34 руб.","40,16 руб.","48,19%"
,ZОтчет 16/1279,"130,00 руб.","1,00 шт.","130,00 руб.","83,34 руб.","46,66 руб.","55,99%"
,ZОтчет 3/1273/9176,"130,00 руб.","1,00 шт.","130,00 руб.","83,34 руб.","46,66 руб.","55,99%"
,ZОтчет 11/1345,"130,00 руб.","1,00 шт.","130,00 руб.","79,52 руб.","50,48 руб.","63,48%"
184121,"Калькулятор""Citizen SR-135N"" 10разр.","656,25 руб.","4,00 шт.","2 625,00 руб.","1 520,01 руб.","1 104,99 руб.","72,7%"
,ZОтчет 10/937,"700,00 руб.","1,00 шт.","700,00 руб.","359,17 руб.","340,83 руб.","94,89%"
,ZОтчет 7/1250/3004,"595,00 руб.","1,00 шт.","595,00 руб.","357,03 руб.","237,97 руб.","66,65%"
,ZОтчет 15/1251,"665,00 руб.","1,00 шт.","665,00 руб.","436,79 руб.","228,21 руб.","52,25%"
,ZОтчет 15/1279,"665,00 руб.","1,00 шт.","665,00 руб.","367,02 руб.","297,98 руб.","81,19%"
182572,"Калькулятор""Citizen SR-260NGR""","437,50 руб.","9,00 шт.","3 937,50 руб.","2 609,82 руб.","1 327,68 руб.","50,87%"
,ZОтчет 3/1225/8231,"382,50 руб.","1,00 шт.","382,50 руб.","291,94 руб.","90,56 руб.","31,02%"
,ZОтчет 19/597,"450,00 руб.","1,00 шт.","450,00 руб.","291,94 руб.","158,06 руб.","54,14%"
,ZОтчет 18/975,"427,50 руб.","1,00 шт.","427,50 руб.","289,00 руб.","138,50 руб.","47,92%"
,ZОтчет 15/1255,"450,00 руб.","1,00 шт.","450,00 руб.","291,94 руб.","158,06 руб.","54,14%"
,ZОтчет 15/1275,"450,00 руб.","2,00 шт.","900,00 руб.","578,00 руб.","322,00 руб.","55,71%"
,ZОтчет 15/1281,"450,00 руб.","1,00 шт.","450,00 руб.","289,00 руб.","161,00 руб.","55,71%"
,ZОтчет 11/1340,"450,00 руб.","1,00 шт.","450,00 руб.","289,00 руб.","161,00 руб.","55,71%"
,ZОтчет 8/1286/3087,"427,50 руб.","1,00 шт.","427,50 руб.","289,00 руб.","138,50 руб.","47,92%"
182573,"Калькулятор""Citizen SR-260NOR"" 12разр.","442,50 руб.","9,00 шт.","3 982,50 руб.","2 609,82 руб.","1 372,68 руб.","52,6%"
,ZОтчет 3/1225/8231,"382,50 руб.","1,00 шт.","382,50 руб.","291,94 руб.","90,56 руб.","31,02%"
,ZОтчет 15/1233,"450,00 руб.","1,00 шт.","450,00 руб.","291,94 руб.","158,06 руб.","54,14%"
,ZОтчет 12/1243,"450,00 руб.","1,00 шт.","450,00 руб.","291,94 руб.","158,06 руб.","54,14%"
,ZОтчет 19/616,"450,00 руб.","1,00 шт.","450,00 руб.","289,00 руб.","161,00 руб.","55,71%"
,ZОтчет 15/1274,"450,00 руб.","1,00 шт.","450,00 руб.","289,00 руб.","161,00 руб.","55,71%"
,ZОтчет 15/1279,"450,00 руб.","1,00 шт.","450,00 руб.","289,00 руб.","161,00 руб.","55,71%"
,ZОтчет 15/1282,"450,00 руб.","1,00 шт.","450,00 руб.","289,00 руб.","161,00 руб.","55,71%"
,ZОтчет 14/1277,"450,00 руб.","1,00 шт.","450,00 руб.","289,00 руб.","161,00 руб.","55,71%"
,ZОтчет 8/1288/3091,"450,00 руб.","1,00 шт.","450,00 руб.","289,00 руб.","161,00 руб.","55,71%"
182574,"Калькулятор""Citizen SR-260NPU"" 12разр.","434,25 руб.","10,00 шт.","4 342,50 руб.","2 898,82 руб.","1 443,68 руб.","49,8%"
,ZОтчет 15/1232,"427,50 руб.","1,00 шт.","427,50 руб.","291,94 руб.","135,56 руб.","46,43%"
,ZОтчет 16/1236,"382,50 руб.","1,00 шт.","382,50 руб.","291,94 руб.","90,56 руб.","31,02%"
,ZОтчет 18/972,"450,00 руб.","1,00 шт.","450,00 руб.","289,00 руб.","161,00 руб.","55,71%"
,ZОтчет 15/1254,"450,00 руб.","1,00 шт.","450,00 руб.","289,00 руб.","161,00 руб.","55,71%"
,ZОтчет 15/1261,"450,00 руб.","1,00 шт.","450,00 руб.","289,00 руб.","161,00 руб.","55,71%"
,ZОтчет 15/1262,"427,50 руб.","1,00 шт.","427,50 руб.","289,00 руб.","138,50 руб.","47,92%"
,ZОтчет 15/1277,"450,00 руб.","1,00 шт.","450,00 руб.","289,00 руб.","161,00 руб.","55,71%"
,ZОтчет 15/1281,"450,00 руб.","1,00 шт.","450,00 руб.","289,00 руб.","161,00 руб.","55,71%"
,ZОтчет 8/1286/3087,"427,50 руб.","1,00 шт.","427,50 руб.","291,94 руб.","135,56 руб.","46,43%"
,ZОтчет 18/1007,"427,50 руб.","1,00 шт.","427,50 руб.","289,00 руб.","138,50 руб.","47,92%"
184123,"Калькулятор""Citizen SRP-145N""","712,25 руб.","4,00 шт.","2 849,00 руб.","1 485,52 руб.","1 363,48 руб.","91,78%"
,ZОтчет 8/1238/2991,"629,00 руб.","1,00 шт.","629,00 руб.","300,51 руб.","328,49 руб.","109,31%"
,ZОтчет 19/598,"740,00 руб.","1,00 шт.","740,00 руб.","379,25 руб.","360,75 руб.","95,12%"
,ZОтчет 8/1260/3032,"740,00 руб.","1,00 шт.","740,00 руб.","402,88 руб.","337,12 руб.","83,68%"
,ZОтчет 12/1275,"740,00 руб.","1,00 шт.","740,00 руб.","402,88 руб.","337,12 руб.","83,68%"
85518,"Калькулятор""Citizen SRP-265N"" инж. 10разр.","740,00 руб.","2,00 шт.","1 480,00 руб.","921,24 руб.","558,76 руб.","60,65%"
,ZОтчет 15/1243,"740,00 руб.","1,00 шт.","740,00 руб.","460,62 руб.","279,38 руб.","60,65%"
,ZОтчет 4/1297/9155,"740,00 руб.","1,00 шт.","740,00 руб.","460,62 руб.","279,38 руб.","60,65%"
182770,"Калькулятор""Citizen SRP-285N"" инж. 2-строчн.","1 140,00 руб.","1,00 шт.","1 140,00 руб.","758,43 руб.","381,57 руб.","50,31%"
,ZОтчет 3/1254/8777,"1 140,00 руб.","1,00 шт.","1 140,00 руб.","758,43 руб.","381,57 руб.","50,31%"
179028,"Калькулятор""Citizen WR-3000"" 12разр.,пыле- и влагонепроницаемый","722,00 руб.","1,00 шт.","722,00 руб.","429,66 руб.","292,34 руб.","68,04%"
,ZОтчет 2/1276/8418,"722,00 руб.","1,00 шт.","722,00 руб.","429,66 руб.","292,34 руб.","68,04%"
Оптовая продажа,,,,"47 636,83 руб.","35 017,61 руб.","12 619,22 руб.","36,04%"
106053,"Калькулятор""Casio DH-12-BK-S-EH""","670,00 руб.","1,00 шт.","670,00 руб.","461,60 руб.","208,40 руб.","45,15%"
,Расходная накладная РН16-00341 (28.01.16),"670,00 руб.","1,00 шт.","670,00 руб.","461,60 руб.","208,40 руб.","45,15%"
87343,"Калькулятор""Casio GR-12-W-EH"" 12разр.","396,00 руб.","1,00 шт.","396,00 руб.","330,00 руб.","66,00 руб.",20%
,Расходная накладная РН16-00020 (13.01.16),"396,00 руб.","1,00 шт.","396,00 руб.","330,00 руб.","66,00 руб.",20%
77395,"Калькулятор""Citizen CPC-112RDWB"" 12разр. дв.пит.","180,00 руб.","1,00 шт.","180,00 руб.","150,00 руб.","30,00 руб.",20%
,Расходная накладная РН09-27907 (23.12.15),"180,00 руб.","1,00 шт.","180,00 руб.","150,00 руб.","30,00 руб.",20%
20201,"Калькулятор""Citizen CTC-110BLWB"" 10разр. дв.пит.","216,00 руб.","1,00 шт.","216,00 руб.","180,00 руб.","36,00 руб.",20%
,Расходная накладная РН16-00439 (27.01.16),"216,00 руб.","1,00 шт.","216,00 руб.","180,00 руб.","36,00 руб.",20%
22415,"Калькулятор""Citizen LC-110N"" 8разр.","92,06 руб.","13,00 шт.","1 196,83 руб.","1 012,32 руб.","184,51 руб.","18,23%"
,Расходная накладная РН09-27910 (23.12.15),"90,25 руб.","3,00 шт.","270,75 руб.","235,44 руб.","35,31 руб.",15%
,Расходная накладная РН09-00027 (11.01.16),"90,25 руб.","3,00 шт.","270,75 руб.","235,44 руб.","35,31 руб.",15%
,Расходная накладная РН16-00350 (25.01.16),"90,25 руб.","1,00 шт.","90,25 руб.","70,56 руб.","19,69 руб.","27,91%"
,Расходная накладная РН16-00398 (26.01.16),"94,18 руб.","5,00 шт.","470,90 руб.","392,40 руб.","78,50 руб.","20,01%"
,Расходная накладная РН16-00439 (27.01.16),"94,18 руб.","1,00 шт.","94,18 руб.","78,48 руб.","15,70 руб.","20,01%"
33752,"Калькулятор""Citizen LC-210N""","95,55 руб.","10,00 шт.","955,51 руб.","790,08 руб.","165,43 руб.","20,94%"
,Расходная накладная РН09-27793 (21.12.15),"90,00 руб.","1,00 шт.","90,00 руб.","79,89 руб.","10,11 руб.","12,65%"
,Расходная накладная РН16-00020 (13.01.16),"96,46 руб.","2,00 шт.","192,92 руб.","153,72 руб.","39,20 руб.","25,5%"
,Расходная накладная РН16-00350 (25.01.16),"92,63 руб.","1,00 шт.","92,63 руб.","76,86 руб.","15,77 руб.","20,52%"
,Расходная накладная РН16-00398 (26.01.16),"96,66 руб.","5,00 шт.","483,30 руб.","402,75 руб.","80,55 руб.",20%
,Расходная накладная РН16-00439 (27.01.16),"96,66 руб.","1,00 шт.","96,66 руб.","76,86 руб.","19,80 руб.","25,76%"
167683,"Калькулятор""Citizen SDC-011S"" 8разр.,дв.пит.","182,61 руб.","5,00 шт.","913,06 руб.","773,96 руб.","139,10 руб.","17,97%"
,Расходная накладная РН09-26934 (01.12.15),"175,78 руб.","1,00 шт.","175,78 руб.","146,48 руб.","29,30 руб.",20%
,Расходная накладная РН09-27907 (23.12.15),"188,24 руб.","1,00 шт.","188,24 руб.","156,87 руб.","31,37 руб.",20%
,Расходная накладная РН09-00027 (11.01.16),"180,40 руб.","2,00 шт.","360,80 руб.","313,74 руб.","47,06 руб.",15%
,Расходная накладная РН16-00439 (27.01.16),"188,24 руб.","1,00 шт.","188,24 руб.","156,87 руб.","31,37 руб.",20%
179022,"Калькулятор""Citizen SDC-022S"" 10разр.,дв.пит.","191,13 руб.","6,00 шт.","1 146,77 руб.","987,66 руб.","159,11 руб.","16,11%"
,Расходная накладная РН09-26934 (01.12.15),"186,71 руб.","1,00 шт.","186,71 руб.","165,35 руб.","21,36 руб.","12,92%"
,Расходная накладная РН09-27793 (21.12.15),"185,00 руб.","1,00 шт.","185,00 руб.","155,59 руб.","29,41 руб.","18,9%"
,Расходная накладная РН09-27907 (23.12.15),"200,02 руб.","1,00 шт.","200,02 руб.","166,68 руб.","33,34 руб.",20%
,Расходная накладная РН09-00027 (11.01.16),"191,68 руб.","3,00 шт.","575,04 руб.","500,04 руб.","75,00 руб.",15%
179023,"Калькулятор""Citizen SDC-444S"" 12разр. дв.пит.","515,67 руб.","27,00 шт.","13 923,07 руб.","9 892,53 руб.","4 030,54 руб.","40,74%"
,Расходная накладная РН09-26838 (02.12.15),"490,00 руб.","1,00 шт.","490,00 руб.","366,39 руб.","123,61 руб.","33,74%"
,Расходная накладная РН09-27240 (08.12.15),"680,00 руб.","1,00 шт.","680,00 руб.","366,39 руб.","313,61 руб.","85,59%"
,Расходная накладная РН09-27324 (11.12.15),"490,00 руб.","2,00 шт.","980,00 руб.","732,78 руб.","247,22 руб.","33,74%"
,Расходная накладная РН09-27380 (14.12.15),"512,15 руб.","2,00 шт.","1 024,30 руб.","732,78 руб.","291,52 руб.","39,78%"
,Расходная накладная РН09-27337 (14.12.15),"646,00 руб.","2,00 шт.","1 292,00 руб.","732,78 руб.","559,22 руб.","76,31%"
,Расходная накладная РН09-27352 (14.12.15),"612,00 руб.","1,00 шт.","612,00 руб.","366,39 руб.","245,61 руб.","67,04%"
,Расходная накладная РН09-27681 (18.12.15),"544,00 руб.","1,00 шт.","544,00 руб.","366,39 руб.","177,61 руб.","48,48%"
,Расходная накладная РН09-27735 (18.12.15),"458,00 руб.","1,00 шт.","458,00 руб.","366,39 руб.","91,61 руб.",25%
,Расходная накладная РН09-27910 (23.12.15),"421,35 руб.","2,00 шт.","842,70 руб.","732,78 руб.","109,92 руб.",15%
,Расходная накладная РН09-27954 (24.12.15),"549,90 руб.","1,00 шт.","549,90 руб.","366,39 руб.","183,51 руб.","50,09%"
,Расходная накладная РН09-27973 (24.12.15),"439,67 руб.","1,00 шт.","439,67 руб.","366,39 руб.","73,28 руб.",20%
,Расходная накладная РН09-28198 (11.01.16),"439,67 руб.","5,00 шт.","2 198,35 руб.","1 831,95 руб.","366,40 руб.",20%
,Расходная накладная РН16-00222 (20.01.16),"612,00 руб.","1,00 шт.","612,00 руб.","366,39 руб.","245,61 руб.","67,04%"
,Расходная накладная РН16-00142 (20.01.16),"510,03 руб.","5,00 шт.","2 550,15 руб.","1 831,95 руб.","718,20 руб.","39,2%"
,Расходная накладная РН16-00341 (28.01.16),"650,00 руб.","1,00 шт.","650,00 руб.","366,39 руб.","283,61 руб.","77,41%"
179024,"Калькулятор""Citizen SDC-554S"" 14разр.,дв.пит.","499,61 руб.","2,00 шт.","999,22 руб.","858,69 руб.","140,53 руб.","16,37%"
,Расходная накладная РН09-28203 (11.01.16),"499,61 руб.","2,00 шт.","999,22 руб.","858,69 руб.","140,53 руб.","16,37%"
85314,"Калькулятор""Citizen SDC-620 II"" 12разр.","547,16 руб.","5,00 шт.","2 735,78 руб.","2 070,27 руб.","665,51 руб.","32,15%"
,Расходная накладная РН09-27136 (07.12.15),"400,00 руб.","1,00 шт.","400,00 руб.","389,16 руб.","10,84 руб.","2,79%"
,Расходная накладная РН09-27360 (14.12.15),"610,00 руб.","1,00 шт.","610,00 руб.","389,16 руб.","220,84 руб.","56,75%"
,Расходная накладная РН09-27907 (23.12.15),"516,78 руб.","1,00 шт.","516,78 руб.","430,65 руб.","86,13 руб.",20%
,Расходная накладная РН09-27906 (24.12.15),"604,50 руб.","2,00 шт.","1 209,00 руб.","861,30 руб.","347,70 руб.","40,37%"
19834,"Калькулятор""Citizen SDC-664S"" 16разр.","656,82 руб.","5,00 шт.","3 284,10 руб.","2 146,86 руб.","1 137,24 руб.","52,97%"
,Расходная накладная РН09-26951 (03.12.15),"630,00 руб.","2,00 шт.","1 260,00 руб.","853,92 руб.","406,08 руб.","47,55%"
,Расходная накладная РН09-27984 (25.12.15),"674,10 руб.","1,00 шт.","674,10 руб.","426,96 руб.","247,14 руб.","57,88%"
,Расходная накладная РН09-28076 (28.12.15),"700,00 руб.","1,00 шт.","700,00 руб.","426,96 руб.","273,04 руб.","63,95%"
,Расходная накладная РН16-00341 (28.01.16),"650,00 руб.","1,00 шт.","650,00 руб.","439,02 руб.","210,98 руб.","48,06%"
84545,"Калькулятор""Citizen SDC-805BN"" 8разр.","240,81 руб.","5,00 шт.","1 204,05 руб.","954,80 руб.","249,25 руб.","26,1%"
,Расходная накладная РН09-27907 (23.12.15),"230,72 руб.","1,00 шт.","230,72 руб.","192,27 руб.","38,45 руб.",20%
,Расходная накладная РН09-00027 (11.01.16),"221,11 руб.","3,00 шт.","663,33 руб.","576,81 руб.","86,52 руб.",15%
,Расходная накладная РН16-00341 (28.01.16),"310,00 руб.","1,00 шт.","310,00 руб.","185,72 руб.","124,28 руб.","66,92%"
85059,"Калькулятор""Citizen SDC-810BN"" 10разр.","241,49 руб.","8,00 шт.","1 931,95 руб.","1 603,14 руб.","328,81 руб.","20,51%"
,Расходная накладная РН09-26934 (01.12.15),"236,44 руб.","1,00 шт.","236,44 руб.","185,85 руб.","50,59 руб.","27,22%"
,Расходная накладная РН09-27212 (08.12.15),"274,00 руб.","1,00 шт.","274,00 руб.","197,03 руб.","76,97 руб.","39,07%"
,Расходная накладная РН09-27347 (10.12.15),"230,53 руб.","2,00 шт.","461,06 руб.","394,06 руб.","67,00 руб.",17%
,Расходная накладная РН09-27907 (23.12.15),"247,86 руб.","1,00 шт.","247,86 руб.","206,55 руб.","41,31 руб.",20%
,Расходная накладная РН09-00027 (11.01.16),"237,53 руб.","3,00 шт.","712,59 руб.","619,65 руб.","92,94 руб.",15%
85061,"Калькулятор""Citizen SDC-812BN"" 12разр.","328,20 руб.","10,00 шт.","3 281,96 руб.","2 316,33 руб.","965,63 руб.","41,69%"
,Расходная накладная РН09-26828 (03.12.15),"323,00 руб.","2,00 шт.","646,00 руб.","466,86 руб.","179,14 руб.","38,37%"
,Расходная накладная РН09-27380 (14.12.15),"412,00 руб.","1,00 шт.","412,00 руб.","224,39 руб.","187,61 руб.","83,61%"
,Расходная накладная РН09-27907 (23.12.15),"282,31 руб.","1,00 шт.","282,31 руб.","224,39 руб.","57,92 руб.","25,81%"
,Расходная накладная РН09-27871 (25.12.15),"390,00 руб.","1,00 шт.","390,00 руб.","224,39 руб.","165,61 руб.","73,8%"
,Расходная накладная РН09-00027 (11.01.16),"270,55 руб.","3,00 шт.","811,65 руб.","705,78 руб.","105,87 руб.",15%
,Расходная накладная РН16-00308 (27.01.16),"390,00 руб.","1,00 шт.","390,00 руб.","235,26 руб.","154,74 руб.","65,77%"
,Расходная накладная РН16-00341 (28.01.16),"350,00 руб.","1,00 шт.","350,00 руб.","235,26 руб.","114,74 руб.","48,77%"
85338,"Калькулятор""Citizen SDC-888XBK"" 12разр.бухгалтерский","758,88 руб.","7,00 шт.","5 312,16 руб.","3 320,47 руб.","1 991,69 руб.","59,98%"
,Расходная накладная РН09-27570 (15.12.15),"770,00 руб.","1,00 шт.","770,00 руб.","245,00 руб.","525,00 руб.","214,29%"
,Расходная накладная РН09-27923 (31.12.15),"850,00 руб.","1,00 шт.","850,00 руб.","531,57 руб.","318,43 руб.","59,9%"
,Расходная накладная РН09-28203 (11.01.16),"632,16 руб.","1,00 шт.","632,16 руб.","479,00 руб.","153,16 руб.","31,97%"
,Расходная накладная РН16-00061 (14.01.16),"850,00 руб.","1,00 шт.","850,00 руб.","526,80 руб.","323,20 руб.","61,35%"
,Расходная накладная РН16-00307 (26.01.16),"722,50 руб.","2,00 шт.","1 445,00 руб.","1 053,60 руб.","391,40 руб.","37,15%"
,Расходная накладная РН16-00530 (29.01.16),"765,00 руб.","1,00 шт.","765,00 руб.","484,50 руб.","280,50 руб.","57,89%"
186504,"Калькулятор""Citizen SDC-888XRD"" 12разр.бухгалтерский","850,00 руб.","2,00 шт.","1 700,00 руб.","1 219,50 руб.","480,50 руб.","39,4%"
,Расходная накладная РН16-00061 (14.01.16),"850,00 руб.","2,00 шт.","1 700,00 руб.","1 219,50 руб.","480,50 руб.","39,4%"
22417,"Калькулятор""Citizen SLD-100 N"" 8разр.","97,21 руб.","16,00 шт.","1 555,39 руб.","1 306,84 руб.","248,55 руб.","19,02%"
,Расходная накладная РН09-27347 (10.12.15),"92,25 руб.","3,00 шт.","276,75 руб.","236,55 руб.","40,20 руб.","16,99%"
,Расходная накладная РН09-27509 (14.12.15),"94,62 руб.","1,00 шт.","94,62 руб.","78,85 руб.","15,77 руб.",20%
,Расходная накладная РН09-27907 (23.12.15),"99,14 руб.","2,00 шт.","198,28 руб.","165,24 руб.","33,04 руб.",20%
,Расходная накладная РН09-00027 (11.01.16),"95,01 руб.","3,00 шт.","285,03 руб.","247,86 руб.","37,17 руб.",15%
,Расходная накладная РН16-00350 (25.01.16),"95,01 руб.","1,00 шт.","95,01 руб.","82,62 руб.","12,39 руб.",15%
,Расходная накладная РН16-00398 (26.01.16),"99,14 руб.","5,00 шт.","495,70 руб.","413,10 руб.","82,60 руб.",20%
,Расходная накладная РН16-00341 (28.01.16),"110,00 руб.","1,00 шт.","110,00 руб.","82,62 руб.","27,38 руб.","33,14%"
22418,"Калькулятор""Citizen SLD-200 N"" 8разр.","100,59 руб.","11,00 шт.","1 106,47 руб.","912,92 руб.","193,55 руб.","21,2%"
,Расходная накладная РН09-27509 (14.12.15),"95,42 руб.","1,00 шт.","95,42 руб.","79,52 руб.","15,90 руб.","19,99%"
,Расходная накладная РН09-27907 (23.12.15),"100,01 руб.","2,00 шт.","200,02 руб.","166,68 руб.","33,34 руб.",20%
,Расходная накладная РН09-28044 (25.12.15),"110,50 руб.","3,00 шт.","331,50 руб.","250,02 руб.","81,48 руб.","32,59%"
,Расходная накладная РН09-28133 (29.12.15),"92,00 руб.","1,00 шт.","92,00 руб.","83,34 руб.","8,66 руб.","10,39%"
,Расходная накладная РН09-00027 (11.01.16),"95,84 руб.","3,00 шт.","287,52 руб.","250,02 руб.","37,50 руб.",15%
,Расходная накладная РН16-00020 (13.01.16),"100,01 руб.","1,00 шт.","100,01 руб.","83,34 руб.","16,67 руб.",20%
184121,"Калькулятор""Citizen SR-135N"" 10разр.","513,80 руб.","6,00 шт.","3 082,81 руб.","2 167,47 руб.","915,34 руб.","42,23%"
,Расходная накладная РН09-27006 (03.12.15),"595,00 руб.","3,00 шт.","1 785,00 руб.","1 071,09 руб.","713,91 руб.","66,65%"
,Расходная накладная РН09-27042 (03.12.15),"410,58 руб.","1,00 шт.","410,58 руб.","357,03 руб.","53,55 руб.",15%
,Расходная накладная РН09-27542 (15.12.15),"428,45 руб.","1,00 шт.","428,45 руб.","357,03 руб.","71,42 руб.",20%
,Расходная накладная РН09-27907 (23.12.15),"458,78 руб.","1,00 шт.","458,78 руб.","382,32 руб.","76,46 руб.",20%
182573,"Калькулятор""Citizen SR-260NOR"" 12разр.","339,58 руб.","2,00 шт.","679,15 руб.","578,00 руб.","101,15 руб.","17,5%"
,Расходная накладная РН09-27907 (23.12.15),"346,80 руб.","1,00 шт.","346,80 руб.","289,00 руб.","57,80 руб.",20%
,Расходная накладная РН16-00350 (25.01.16),"332,35 руб.","1,00 шт.","332,35 руб.","289,00 руб.","43,35 руб.",15%
182574,"Калькулятор""Citizen SR-260NPU"" 12разр.","339,58 руб.","2,00 шт.","679,15 руб.","578,00 руб.","101,15 руб.","17,5%"
,Расходная накладная РН09-27907 (23.12.15),"346,80 руб.","1,00 шт.","346,80 руб.","289,00 руб.","57,80 руб.",20%
,Расходная накладная РН16-00350 (25.01.16),"332,35 руб.","1,00 шт.","332,35 руб.","289,00 руб.","43,35 руб.",15%
184123,"Калькулятор""Citizen SRP-145N""","487,40 руб.","1,00 шт.","487,40 руб.","406,17 руб.","81,23 руб.",20%
,Расходная накладная РН09-27907 (23.12.15),"487,40 руб.","1,00 шт.","487,40 руб.","406,17 руб.","81,23 руб.",20%
ИТОГО:,,,,"177 525,59 руб.","113 383,51 руб.","64 142,08 руб.","56,57%"
"* При режиме отчета ""Подробно"" цена за товар берется средняя по всем продажам",,,,,,,
